Statistical Data Warehouse code,AME.A.IRL.1.0.319.0.UDGGL
Country,Ireland
2000,36.0732199
2001,33.2394627
2002,30.5521068
2003,29.9296861
2004,28.2148891
2005,26.0766114
2006,23.618314
2007,23.9083721
2008,42.4036869
2009,61.5433048
2010,85.9938449
2011,110.861647
2012,119.8646655
2013,119.6837014
2014,104.1283774
2015,76.8191392
2016,73.4443135
2017,68.4403541
2018,63.8514846
2019,61.1353388
2020,56.0118623
